{
    "components": [
        {
            "cachedName": "LWJGL 2",
            "cachedVersion": "2.9.4-nightly-20150209",
            "cachedVolatile": true,
            "dependencyOnly": true,
            "uid": "org.lwjgl",
            "version": "2.9.4-nightly-20150209"
        },
        {
            "cachedName": "Minecraft",
            "cachedRequires": [
                {
                    "suggests": "2.9.4-nightly-20150209",
                    "uid": "org.lwjgl"
                }
            ],
            "cachedVersion": "a1.2.6",
            "important": true,
            "uid": "net.minecraft",
            "version": "a1.2.6"
        },
        {
            "cachedName": "Fabric Loader",
            "cachedVersion": "0.18.3",
            "uid": "org.multimc.custom.fabric"
        },
        {
            "cachedName": "APClientV202 (jar mod)",
            "uid": "custom.jarmod.38478ebd-d588-40e3-9a4c-8f825e15e033"
        }
    ],
    "formatVersion": 1
}
