{
    "+traits": [
        "texturepacks",
        "legacyServices"
    ],
    "compatibleJavaName": "jre-legacy",
    "releaseTime": "2010-12-03T00:00:00+02:00",
    "mainJar": {
        "downloads": {"artifact": {
            "sha1": "a68c817afd6c05c253ba5462287c2c19bbb57935",
            "size": 1105909,
            "url": "https://launcher.mojang.com/v1/objects/a68c817afd6c05c253ba5462287c2c19bbb57935/client.jar"
        }},
        "name": "com.mojang:minecraft:a1.2.6:client"
    },
    "type": "old_alpha",
    "version": "a1.2.6",
    "compatibleJavaMajors": [8],
    "uid": "net.minecraft",
    "minecraftArguments": "${auth_player_name} ${auth_session} --gameDir ${game_directory} --assetsDir ${game_assets}",
    "name": "Minecraft",
    "assetIndex": {
        "sha1": "e4021e2b5f56e98fc81f2580e43c88f441521595",
        "totalSize": 40600243,
        "size": 24074,
        "id": "a1.2.0",
        "url": "https://files.betacraft.uk/launcher/v2/assets/indexes/a1.2.0.json"
    },
    "formatVersion": 1,
    "requires": [{
        "suggests": "2.9.4-nightly-20150209",
        "uid": "org.lwjgl"
    }]
}