{
    "formatVersion": 1,
    "libraries": [
        {
            "name": "org.ow2.asm:asm:9.9",
            "url": "https://maven.fabricmc.net/"
        },
        {
            "name": "org.ow2.asm:asm-analysis:9.9",
            "url": "https://maven.fabricmc.net/"
        },
        {
            "name": "org.ow2.asm:asm-commons:9.9",
            "url": "https://maven.fabricmc.net/"
        },
        {
            "name": "org.ow2.asm:asm-tree:9.9",
            "url": "https://maven.fabricmc.net/"
        },
        {
            "name": "org.ow2.asm:asm-util:9.9",
            "url": "https://maven.fabricmc.net/"
        },
        {
            "name": "net.fabricmc:sponge-mixin:0.16.5+mixin.0.8.7",
            "url": "https://maven.fabricmc.net/"
        },
        {
            "name": "net.fabricmc:fabric-loader:0.18.3",
            "url": "https://maven.fabricmc.net"
        }
    ],
    "mainClass": "net.fabricmc.loader.impl.launch.knot.KnotClient",
    "name": "Fabric Loader",
    "releaseTime": "2025-12-16T17:05:29+00:00",
    "type": "release",
    "uid": "org.multimc.custom.fabric",
    "version": "0.18.3"
}
